{
  "rank": "full",
  "seed": 42,
  "lr": 5e-06,
  "trainable_params": 124441346,
  "total_params": 124441346,
  "trainable_pct": 100.0,
  "test_accuracy": 0.7664335664335664,
  "test_f1_macro": 0.7640408583494223,
  "best_val_loss": 0.3988098672158282,
  "best_epoch": 5,
  "total_training_time_s": 1119.6,
  "wandb_run_id": "5mocwj86"
}